Test File Name,No saturation Result,Round Robin Saturation Result,Chunking Saturation Result,All Passed
0,F (20/20),P,P,F
1,F (20/20),P,P,F
2,P,P,P,P
3,P,P,P,P
4,P,P,P,P
5,P,P,P,P
6,P,P,P,P
7,P,P,P,P
8,F (20/20),P,P,F
9,P,P,P,P
10,P,P,P,P
11,P,P,P,P
12,P,P,P,P
13,P,P,P,P
14,P,P,P,P
15,P,P,P,P
16,P,P,P,P
17,P,P,P,P
18,P,P,P,P
19,P,P,P,P
20,P,P,P,P
21,P,P,P,P
22,P,P,P,P
23,F (20/20),P,P,F
24,P,P,P,P
25,P,P,P,P
26,P,P,P,P
27,P,P,P,P
28,P,P,P,P
29,P,P,P,P
30,P,P,P,P
31,F (20/20),P,P,F
32,P,P,P,P
33,P,P,P,P
34,P,P,P,P
35,F (20/20),P,P,F
36,F (20/20),P,P,F
37,P,P,P,P
38,P,P,P,P
39,P,P,P,P
40,P,P,P,P
41,P,P,P,P
42,P,P,P,P
43,P,P,P,P
44,P,P,P,P
45,P,P,P,P
46,P,P,P,P
47,P,P,P,P
48,P,P,P,P
49,P,P,P,P
50,P,P,P,P
51,P,P,P,P
52,F (20/20),P,P,F
53,F (20/20),P,P,F
54,P,P,P,P
55,P,P,P,P
56,P,P,P,P
57,F (20/20),P,P,F
Total failures:,200,0,0,10